Categoría,Archivo,ID,Descripción de la Prueba,Técnica,Estado
"1. Pruebas de Integración (Backend)","auth.test.ts","1","registra un nuevo Padawan correctamente","Caja Negra/Blanca","PASSED"
"1. Pruebas de Integración (Backend)","auth.test.ts","2","retorna 409 cuando el email ya existe","Caja Negra/Blanca","PASSED"
"1. Pruebas de Integración (Backend)","auth.test.ts","3","retorna 400 con datos inválidos","Caja Negra/Blanca","PASSED"
"1. Pruebas de Integración (Backend)","auth.test.ts","4","retorna JWT con credenciales válidas","Caja Negra/Blanca","PASSED"
"1. Pruebas de Integración (Backend)","auth.test.ts","5","retorna 401 con contraseña incorrecta","Caja Negra/Blanca","PASSED"
"1. Pruebas de Integración (Backend)","auth.test.ts","6","retorna datos del usuario autenticado","Caja Negra/Blanca","PASSED"
"1. Pruebas de Integración (Backend)","auth.test.ts","7","retorna 401 sin token","Caja Negra/Blanca","PASSED"
"1. Pruebas de Integración (Backend)","ia.test.ts","1","retorna score de riesgo para Padawan autenticado","Caja Negra/Blanca","PASSED"
"1. Pruebas de Integración (Backend)","ia.test.ts","2","retorna 401 sin autenticación","Caja Negra/Blanca","PASSED"
"1. Pruebas de Integración (Backend)","ia.test.ts","3","permite al Jedi ver todos los riesgos","Caja Negra/Blanca","PASSED"
"1. Pruebas de Integración (Backend)","ia.test.ts","4","retorna 403 si Padawan intenta ver todos","Caja Negra/Blanca","PASSED"
"1. Pruebas de Integración (Backend)","integration.extra.test.ts","1","should return 200 with no query params","Caja Negra/Blanca","PASSED"
"1. Pruebas de Integración (Backend)","integration.extra.test.ts","2","should return 200 with query param a=1","Caja Negra/Blanca","PASSED"
"1. Pruebas de Integración (Backend)","integration.extra.test.ts","3","should return 200 with query param b=2","Caja Negra/Blanca","PASSED"
"1. Pruebas de Integración (Backend)","integration.extra.test.ts","4","should return 200 with query param c=3","Caja Negra/Blanca","PASSED"
"1. Pruebas de Integración (Backend)","integration.extra.test.ts","5","should return 200 with query param test=true","Caja Negra/Blanca","PASSED"
"1. Pruebas de Integración (Backend)","integration.extra.test.ts","6","should return 200 with multiple query params","Caja Negra/Blanca","PASSED"
"1. Pruebas de Integración (Backend)","integration.extra.test.ts","7","should return 200 with query param special characters","Caja Negra/Blanca","PASSED"
"1. Pruebas de Integración (Backend)","integration.extra.test.ts","8","should return 200 with very long query param","Caja Negra/Blanca","PASSED"
"1. Pruebas de Integración (Backend)","integration.extra.test.ts","9","should return 200 with query param missing value","Caja Negra/Blanca","PASSED"
"1. Pruebas de Integración (Backend)","notifications.test.ts","1","lista notificaciones del usuario","Caja Negra/Blanca","PASSED"
"1. Pruebas de Integración (Backend)","notifications.test.ts","2","retorna 401 sin token","Caja Negra/Blanca","PASSED"
"1. Pruebas de Integración (Backend)","notifications.test.ts","3","retorna conteo de no leídas","Caja Negra/Blanca","PASSED"
"1. Pruebas de Integración (Backend)","notifications.test.ts","4","marca una notificación como leída","Caja Negra/Blanca","PASSED"
"1. Pruebas de Integración (Backend)","notifications.test.ts","5","marca todas como leídas","Caja Negra/Blanca","PASSED"
"1. Pruebas de Integración (Backend)","okr.test.ts","1","retorna 200 y actualiza el OKR cuando todos los datos son válidos","Caja Negra/Blanca","PASSED"
"1. Pruebas de Integración (Backend)","okr.test.ts","2","retorna 401 cuando no se envía JWT","Caja Negra/Blanca","PASSED"
"1. Pruebas de Integración (Backend)","okr.test.ts","3","retorna 403 cuando el OKR pertenece a otro usuario (RN-01)","Caja Negra/Blanca","PASSED"
"1. Pruebas de Integración (Backend)","okr.test.ts","4","retorna 409 cuando el OKR está en estado Pendiente y no EnProgreso (RN-02)","Caja Negra/Blanca","PASSED"
"1. Pruebas de Integración (Backend)","okr.test.ts","5","hace ROLLBACK si falla el INSERT en okr_historial (RN-06)","Caja Negra/Blanca","PASSED"
"1. Pruebas de Integración (Backend)","okr.test.ts","6","actualiza el score_empleabilidad del perfil_aprendiz tras el COMMIT (RN-05)","Caja Negra/Blanca","PASSED"
"1. Pruebas de Integración (Backend)","sessions.test.ts","1","crea una sesión correctamente","Caja Negra/Blanca","PASSED"
"1. Pruebas de Integración (Backend)","sessions.test.ts","2","retorna 401 sin autenticación","Caja Negra/Blanca","PASSED"
"1. Pruebas de Integración (Backend)","sessions.test.ts","3","marca sesión como Realizada con notas","Caja Negra/Blanca","PASSED"
"1. Pruebas de Integración (Backend)","sessions.test.ts","4","cancela una sesión programada","Caja Negra/Blanca","PASSED"
"1. Pruebas de Integración (Backend)","sessions.test.ts","5","retorna historial de sesiones del usuario","Caja Negra/Blanca","PASSED"
"1. Pruebas de Integración (Backend)","vacancies.test.ts","1","crea una vacante como Admin","Caja Negra/Blanca","PASSED"
"1. Pruebas de Integración (Backend)","vacancies.test.ts","2","retorna 403 si Padawan intenta crear","Caja Negra/Blanca","PASSED"
"1. Pruebas de Integración (Backend)","vacancies.test.ts","3","lista vacantes activas","Caja Negra/Blanca","PASSED"
"1. Pruebas de Integración (Backend)","vacancies.test.ts","4","filtra por modalidad","Caja Negra/Blanca","PASSED"
"1. Pruebas de Integración (Backend)","vacancies.test.ts","5","permite al Padawan postularse","Caja Negra/Blanca","PASSED"
"1. Pruebas de Integración (Backend)","vacancies.test.ts","6","retorna 409 si ya está postulado","Caja Negra/Blanca","PASSED"
"1. Pruebas de Integración (Backend)","vacancies.test.ts","7","actualiza vacante como Admin","Caja Negra/Blanca","PASSED"
"1. Pruebas de Integración (Backend)","vacancies.test.ts","8","desactiva vacante","Caja Negra/Blanca","PASSED"
"1. Pruebas de Integración (Backend)","vacancies.test.ts","9","reactiva vacante","Caja Negra/Blanca","PASSED"
"2. Pruebas Unitarias (Backend)","auth.middleware.unit.test.ts","1","UNIT-MW-AUTH-01: llama next() con token valido","Caja Negra/Blanca","PASSED"
"2. Pruebas Unitarias (Backend)","auth.middleware.unit.test.ts","2","UNIT-MW-AUTH-02: retorna 401 sin header Authorization","Caja Negra/Blanca","PASSED"
"2. Pruebas Unitarias (Backend)","auth.middleware.unit.test.ts","3","UNIT-MW-AUTH-03: retorna 401 con header que no empieza con ""Bearer ""","Caja Negra/Blanca","PASSED"
"2. Pruebas Unitarias (Backend)","auth.middleware.unit.test.ts","4","UNIT-MW-AUTH-04: retorna 401 con token invalido (jwt.verify lanza error)","Caja Negra/Blanca","PASSED"
"2. Pruebas Unitarias (Backend)","auth.middleware.unit.test.ts","5","UNIT-MW-AUTH-05: retorna 401 con token expirado","Caja Negra/Blanca","PASSED"
"2. Pruebas Unitarias (Backend)","auth.middleware.unit.test.ts","6","UNIT-MW-AUTH-06: extrae el token correctamente del header","Caja Negra/Blanca","PASSED"
"2. Pruebas Unitarias (Backend)","auth.middleware.unit.test.ts","7","UNIT-MW-AUTH-07: setea req.user con el payload decodificado","Caja Negra/Blanca","PASSED"
"2. Pruebas Unitarias (Backend)","auth.middleware.unit.test.ts","8","UNIT-MW-AUTH-08: retorna 401 con header ""Bearer "" sin token","Caja Negra/Blanca","PASSED"
"2. Pruebas Unitarias (Backend)","auth.middleware.unit.test.ts","9","UNIT-MW-ROLE-01: permite acceso cuando el rol esta en la lista","Caja Negra/Blanca","PASSED"
"2. Pruebas Unitarias (Backend)","auth.middleware.unit.test.ts","10","UNIT-MW-ROLE-02: retorna 403 cuando el rol NO esta en la lista","Caja Negra/Blanca","PASSED"
"2. Pruebas Unitarias (Backend)","auth.middleware.unit.test.ts","11","UNIT-MW-ROLE-03: retorna 401 si req.user no existe","Caja Negra/Blanca","PASSED"
"2. Pruebas Unitarias (Backend)","auth.middleware.unit.test.ts","12","UNIT-MW-ROLE-04: permite acceso con rol Admin cuando se requiere Admin","Caja Negra/Blanca","PASSED"
"2. Pruebas Unitarias (Backend)","auth.middleware.unit.test.ts","13","UNIT-MW-ROLE-05: permite cuando se aceptan multiples roles (Jedi o Admin)","Caja Negra/Blanca","PASSED"
"2. Pruebas Unitarias (Backend)","auth.middleware.unit.test.ts","14","UNIT-MW-ROLE-06: incluye roles permitidos en el detalle del error 403","Caja Negra/Blanca","PASSED"
"2. Pruebas Unitarias (Backend)","error.middleware.unit.test.ts","1","UNIT-ERR-01: crea un error con statusCode, message y code","Caja Negra/Blanca","PASSED"
"2. Pruebas Unitarias (Backend)","error.middleware.unit.test.ts","2","UNIT-ERR-02: crea un error con details opcionales","Caja Negra/Blanca","PASSED"
"2. Pruebas Unitarias (Backend)","error.middleware.unit.test.ts","3","UNIT-ERR-03: es instancia de Error","Caja Negra/Blanca","PASSED"
"2. Pruebas Unitarias (Backend)","error.middleware.unit.test.ts","4","UNIT-ERR-04: tiene stack trace","Caja Negra/Blanca","PASSED"
"2. Pruebas Unitarias (Backend)","error.middleware.unit.test.ts","5","UNIT-ERR-05: details es undefined cuando no se pasa","Caja Negra/Blanca","PASSED"
"2. Pruebas Unitarias (Backend)","error.middleware.unit.test.ts","6","UNIT-ERR-06: retorna 500 para errores sin statusCode","Caja Negra/Blanca","PASSED"
"2. Pruebas Unitarias (Backend)","error.middleware.unit.test.ts","7","UNIT-ERR-07: usa el statusCode del error si existe","Caja Negra/Blanca","PASSED"
"2. Pruebas Unitarias (Backend)","error.middleware.unit.test.ts","8","UNIT-ERR-08: incluye correlationId en la respuesta","Caja Negra/Blanca","PASSED"
"2. Pruebas Unitarias (Backend)","error.middleware.unit.test.ts","9","UNIT-ERR-09: usa el code del error si existe","Caja Negra/Blanca","PASSED"
"2. Pruebas Unitarias (Backend)","error.middleware.unit.test.ts","10","UNIT-ERR-10: no expone message real en errores 500","Caja Negra/Blanca","PASSED"
"2. Pruebas Unitarias (Backend)","error.middleware.unit.test.ts","11","UNIT-ERR-11: expone message en errores que no son 500","Caja Negra/Blanca","PASSED"
"2. Pruebas Unitarias (Backend)","error.middleware.unit.test.ts","12","UNIT-ERR-12: genera correlationId unico por cada error","Caja Negra/Blanca","PASSED"
"2. Pruebas Unitarias (Backend)","validate.middleware.unit.test.ts","1","UNIT-MW-VAL-01: llama next() con datos validos en body","Caja Negra/Blanca","PASSED"
"2. Pruebas Unitarias (Backend)","validate.middleware.unit.test.ts","2","UNIT-MW-VAL-02: retorna 400 con datos invalidos en body","Caja Negra/Blanca","PASSED"
"2. Pruebas Unitarias (Backend)","validate.middleware.unit.test.ts","3","UNIT-MW-VAL-03: reemplaza body con datos parseados (limpios)","Caja Negra/Blanca","PASSED"
"2. Pruebas Unitarias (Backend)","validate.middleware.unit.test.ts","4","UNIT-MW-VAL-04: valida params cuando target es ""params""","Caja Negra/Blanca","PASSED"
"2. Pruebas Unitarias (Backend)","validate.middleware.unit.test.ts","5","UNIT-MW-VAL-05: valida query cuando target es ""query""","Caja Negra/Blanca","PASSED"
"2. Pruebas Unitarias (Backend)","validate.middleware.unit.test.ts","6","UNIT-MW-VAL-06: incluye detalles de campo en el error","Caja Negra/Blanca","PASSED"
"2. Pruebas Unitarias (Backend)","validate.middleware.unit.test.ts","7","UNIT-MW-VAL-07: llama next(err) para errores que no son ZodError","Caja Negra/Blanca","PASSED"
"2. Pruebas Unitarias (Backend)","validate.middleware.unit.test.ts","8","UNIT-MW-VAL-08: maneja body vacio contra schema obligatorio","Caja Negra/Blanca","PASSED"
"2. Pruebas Unitarias (Backend)","auth.schema.unit.test.ts","1","UNIT-AUTH-SCH-01: acepta datos validos de Padawan","Caja Negra/Blanca","PASSED"
"2. Pruebas Unitarias (Backend)","auth.schema.unit.test.ts","2","UNIT-AUTH-SCH-02: acepta datos validos de Jedi","Caja Negra/Blanca","PASSED"
"2. Pruebas Unitarias (Backend)","auth.schema.unit.test.ts","3","UNIT-AUTH-SCH-03: rechaza nombres con menos de 2 caracteres","Caja Negra/Blanca","PASSED"
"2. Pruebas Unitarias (Backend)","auth.schema.unit.test.ts","4","UNIT-AUTH-SCH-04: rechaza nombres vacios","Caja Negra/Blanca","PASSED"
"2. Pruebas Unitarias (Backend)","auth.schema.unit.test.ts","5","UNIT-AUTH-SCH-05: rechaza nombres mayores a 100 caracteres","Caja Negra/Blanca","PASSED"
"2. Pruebas Unitarias (Backend)","auth.schema.unit.test.ts","6","UNIT-AUTH-SCH-06: rechaza apellidos con menos de 2 caracteres","Caja Negra/Blanca","PASSED"
"2. Pruebas Unitarias (Backend)","auth.schema.unit.test.ts","7","UNIT-AUTH-SCH-07: rechaza email invalido (sin @)","Caja Negra/Blanca","PASSED"
"2. Pruebas Unitarias (Backend)","auth.schema.unit.test.ts","8","UNIT-AUTH-SCH-08: rechaza email invalido (sin dominio)","Caja Negra/Blanca","PASSED"
"2. Pruebas Unitarias (Backend)","auth.schema.unit.test.ts","9","UNIT-AUTH-SCH-09: rechaza email mayor a 150 caracteres","Caja Negra/Blanca","PASSED"
"2. Pruebas Unitarias (Backend)","auth.schema.unit.test.ts","10","UNIT-AUTH-SCH-10: rechaza contrasena menor a 8 caracteres","Caja Negra/Blanca","PASSED"
"2. Pruebas Unitarias (Backend)","auth.schema.unit.test.ts","11","UNIT-AUTH-SCH-11: acepta contrasena de exactamente 8 caracteres","Caja Negra/Blanca","PASSED"
"2. Pruebas Unitarias (Backend)","auth.schema.unit.test.ts","12","UNIT-AUTH-SCH-12: rechaza contrasena mayor a 100 caracteres","Caja Negra/Blanca","PASSED"
"2. Pruebas Unitarias (Backend)","auth.schema.unit.test.ts","13","UNIT-AUTH-SCH-13: rechaza rol ""Admin"" (solo Padawan o Jedi permitidos)","Caja Negra/Blanca","PASSED"
"2. Pruebas Unitarias (Backend)","auth.schema.unit.test.ts","14","UNIT-AUTH-SCH-14: rechaza rol inventado","Caja Negra/Blanca","PASSED"
"2. Pruebas Unitarias (Backend)","auth.schema.unit.test.ts","15","UNIT-AUTH-SCH-15: rechaza objeto vacio","Caja Negra/Blanca","PASSED"
"2. Pruebas Unitarias (Backend)","auth.schema.unit.test.ts","16","UNIT-AUTH-SCH-16: rechaza si falta el campo email","Caja Negra/Blanca","PASSED"
"2. Pruebas Unitarias (Backend)","auth.schema.unit.test.ts","17","UNIT-AUTH-SCH-17: rechaza si falta el campo rol","Caja Negra/Blanca","PASSED"
"2. Pruebas Unitarias (Backend)","auth.schema.unit.test.ts","18","UNIT-AUTH-SCH-18: rechaza nombres como numero","Caja Negra/Blanca","PASSED"
"2. Pruebas Unitarias (Backend)","auth.schema.unit.test.ts","19","UNIT-AUTH-SCH-19: acepta credenciales validas","Caja Negra/Blanca","PASSED"
"2. Pruebas Unitarias (Backend)","auth.schema.unit.test.ts","20","UNIT-AUTH-SCH-20: rechaza email invalido","Caja Negra/Blanca","PASSED"
"2. Pruebas Unitarias (Backend)","auth.schema.unit.test.ts","21","UNIT-AUTH-SCH-21: rechaza contrasena vacia","Caja Negra/Blanca","PASSED"
"2. Pruebas Unitarias (Backend)","auth.schema.unit.test.ts","22","UNIT-AUTH-SCH-22: rechaza objeto sin campos","Caja Negra/Blanca","PASSED"
"2. Pruebas Unitarias (Backend)","auth.schema.unit.test.ts","23","UNIT-AUTH-SCH-23: rechaza null como input","Caja Negra/Blanca","PASSED"
"2. Pruebas Unitarias (Backend)","okr.schema.unit.test.ts","1","UNIT-OKR-SCH-01: acepta OKR valido con todos los campos","Caja Negra/Blanca","PASSED"
"2. Pruebas Unitarias (Backend)","okr.schema.unit.test.ts","2","UNIT-OKR-SCH-02: acepta OKR sin campos opcionales","Caja Negra/Blanca","PASSED"
"2. Pruebas Unitarias (Backend)","okr.schema.unit.test.ts","3","UNIT-OKR-SCH-03: rechaza descripcion menor a 5 caracteres","Caja Negra/Blanca","PASSED"
"2. Pruebas Unitarias (Backend)","okr.schema.unit.test.ts","4","UNIT-OKR-SCH-04: rechaza descripcion mayor a 1000 caracteres","Caja Negra/Blanca","PASSED"
"2. Pruebas Unitarias (Backend)","okr.schema.unit.test.ts","5","UNIT-OKR-SCH-05: rechaza valor_meta negativo","Caja Negra/Blanca","PASSED"
"2. Pruebas Unitarias (Backend)","okr.schema.unit.test.ts","6","UNIT-OKR-SCH-06: rechaza valor_meta igual a 0","Caja Negra/Blanca","PASSED"
"2. Pruebas Unitarias (Backend)","okr.schema.unit.test.ts","7","UNIT-OKR-SCH-07: rechaza fecha_limite invalida","Caja Negra/Blanca","PASSED"
"2. Pruebas Unitarias (Backend)","okr.schema.unit.test.ts","8","UNIT-OKR-SCH-08: rechaza indicador mayor a 500 caracteres","Caja Negra/Blanca","PASSED"
"2. Pruebas Unitarias (Backend)","okr.schema.unit.test.ts","9","UNIT-OKR-SCH-09: acepta actualizacion parcial (solo descripcion)","Caja Negra/Blanca","PASSED"
"2. Pruebas Unitarias (Backend)","okr.schema.unit.test.ts","10","UNIT-OKR-SCH-10: acepta actualizacion de estado valido","Caja Negra/Blanca","PASSED"
"2. Pruebas Unitarias (Backend)","okr.schema.unit.test.ts","11","UNIT-OKR-SCH-11: rechaza estado invalido","Caja Negra/Blanca","PASSED"
"2. Pruebas Unitarias (Backend)","okr.schema.unit.test.ts","12","UNIT-OKR-SCH-12: acepta todos los estados validos","Caja Negra/Blanca","PASSED"
"2. Pruebas Unitarias (Backend)","okr.schema.unit.test.ts","13","UNIT-OKR-SCH-13: acepta valor_actual igual a 0","Caja Negra/Blanca","PASSED"
"2. Pruebas Unitarias (Backend)","okr.schema.unit.test.ts","14","UNIT-OKR-SCH-14: rechaza valor_actual negativo","Caja Negra/Blanca","PASSED"
"2. Pruebas Unitarias (Backend)","okr.schema.unit.test.ts","15","UNIT-OKR-SCH-15: acepta completacion valida","Caja Negra/Blanca","PASSED"
"2. Pruebas Unitarias (Backend)","okr.schema.unit.test.ts","16","UNIT-OKR-SCH-16: acepta valor_actual igual a 0","Caja Negra/Blanca","PASSED"
"2. Pruebas Unitarias (Backend)","okr.schema.unit.test.ts","17","UNIT-OKR-SCH-17: rechaza sin nota_cierre","Caja Negra/Blanca","PASSED"
"2. Pruebas Unitarias (Backend)","okr.schema.unit.test.ts","18","UNIT-OKR-SCH-18: rechaza nota_cierre vacia","Caja Negra/Blanca","PASSED"
"2. Pruebas Unitarias (Backend)","okr.schema.unit.test.ts","19","UNIT-OKR-SCH-19: rechaza nota_cierre mayor a 2000 caracteres","Caja Negra/Blanca","PASSED"
"2. Pruebas Unitarias (Backend)","okr.schema.unit.test.ts","20","UNIT-OKR-SCH-20: rechaza valor_actual negativo","Caja Negra/Blanca","PASSED"
"2. Pruebas Unitarias (Backend)","okr.schema.unit.test.ts","21","UNIT-OKR-SCH-21: acepta accion ""aprobar""","Caja Negra/Blanca","PASSED"
"2. Pruebas Unitarias (Backend)","okr.schema.unit.test.ts","22","UNIT-OKR-SCH-22: acepta accion ""revisar"" con comentario","Caja Negra/Blanca","PASSED"
"2. Pruebas Unitarias (Backend)","okr.schema.unit.test.ts","23","UNIT-OKR-SCH-23: rechaza accion invalida","Caja Negra/Blanca","PASSED"
"2. Pruebas Unitarias (Backend)","okr.schema.unit.test.ts","24","UNIT-OKR-SCH-24: rechaza comentario mayor a 2000 caracteres","Caja Negra/Blanca","PASSED"
"2. Pruebas Unitarias (Backend)","okr.schema.unit.test.ts","25","UNIT-OKR-SCH-25: acepta UUID valido","Caja Negra/Blanca","PASSED"
"2. Pruebas Unitarias (Backend)","okr.schema.unit.test.ts","26","UNIT-OKR-SCH-26: rechaza string no-UUID","Caja Negra/Blanca","PASSED"
"2. Pruebas Unitarias (Backend)","okr.schema.unit.test.ts","27","UNIT-OKR-SCH-27: rechaza numero como sesionId","Caja Negra/Blanca","PASSED"
"2. Pruebas Unitarias (Backend)","okr.schema.unit.test.ts","28","UNIT-OKR-SCH-28: acepta UUID valido","Caja Negra/Blanca","PASSED"
"2. Pruebas Unitarias (Backend)","okr.schema.unit.test.ts","29","UNIT-OKR-SCH-29: rechaza string vacio","Caja Negra/Blanca","PASSED"
"2. Pruebas Unitarias (Backend)","profile.schema.unit.test.ts","1","UNIT-PROF-SCH-01: acepta habilidad valida nivel Basico","Caja Negra/Blanca","PASSED"
"2. Pruebas Unitarias (Backend)","profile.schema.unit.test.ts","2","UNIT-PROF-SCH-02: acepta habilidad valida nivel Intermedio","Caja Negra/Blanca","PASSED"
"2. Pruebas Unitarias (Backend)","profile.schema.unit.test.ts","3","UNIT-PROF-SCH-03: acepta habilidad valida nivel Avanzado","Caja Negra/Blanca","PASSED"
"2. Pruebas Unitarias (Backend)","profile.schema.unit.test.ts","4","UNIT-PROF-SCH-04: rechaza nivel invalido","Caja Negra/Blanca","PASSED"
"2. Pruebas Unitarias (Backend)","profile.schema.unit.test.ts","5","UNIT-PROF-SCH-05: rechaza habilidad_id no-UUID","Caja Negra/Blanca","PASSED"
"2. Pruebas Unitarias (Backend)","profile.schema.unit.test.ts","6","UNIT-PROF-SCH-06: rechaza sin campo nivel","Caja Negra/Blanca","PASSED"
"2. Pruebas Unitarias (Backend)","profile.schema.unit.test.ts","7","UNIT-PROF-SCH-07: rechaza objeto vacio","Caja Negra/Blanca","PASSED"
"2. Pruebas Unitarias (Backend)","profile.schema.unit.test.ts","8","UNIT-PROF-SCH-08: acepta actualizacion valida con todos los campos","Caja Negra/Blanca","PASSED"
"2. Pruebas Unitarias (Backend)","profile.schema.unit.test.ts","9","UNIT-PROF-SCH-09: acepta actualizacion parcial","Caja Negra/Blanca","PASSED"
"2. Pruebas Unitarias (Backend)","profile.schema.unit.test.ts","10","UNIT-PROF-SCH-10: acepta objeto vacio (todo opcional)","Caja Negra/Blanca","PASSED"
"2. Pruebas Unitarias (Backend)","profile.schema.unit.test.ts","11","UNIT-PROF-SCH-11: rechaza nombres menor a 2 caracteres","Caja Negra/Blanca","PASSED"
"2. Pruebas Unitarias (Backend)","profile.schema.unit.test.ts","12","UNIT-PROF-SCH-12: acepta resumen_bio como null","Caja Negra/Blanca","PASSED"
"2. Pruebas Unitarias (Backend)","profile.schema.unit.test.ts","13","UNIT-PROF-SCH-13: acepta resumen_bio como string vacio","Caja Negra/Blanca","PASSED"
"2. Pruebas Unitarias (Backend)","profile.schema.unit.test.ts","14","UNIT-PROF-SCH-14: rechaza resumen_bio mayor a 1000 caracteres","Caja Negra/Blanca","PASSED"
"2. Pruebas Unitarias (Backend)","profile.schema.unit.test.ts","15","UNIT-PROF-SCH-15: acepta url_portafolio como string vacio","Caja Negra/Blanca","PASSED"
"2. Pruebas Unitarias (Backend)","profile.schema.unit.test.ts","16","UNIT-PROF-SCH-16: rechaza url_portafolio invalida","Caja Negra/Blanca","PASSED"
"2. Pruebas Unitarias (Backend)","profile.schema.unit.test.ts","17","UNIT-PROF-SCH-17: acepta campos de mentor","Caja Negra/Blanca","PASSED"
"2. Pruebas Unitarias (Backend)","profile.schema.unit.test.ts","18","UNIT-PROF-SCH-18: rechaza anios_experiencia negativo","Caja Negra/Blanca","PASSED"
"2. Pruebas Unitarias (Backend)","profile.schema.unit.test.ts","19","UNIT-PROF-SCH-19: rechaza anios_experiencia mayor a 50","Caja Negra/Blanca","PASSED"
"2. Pruebas Unitarias (Backend)","profile.schema.unit.test.ts","20","UNIT-PROF-SCH-20: rechaza anios_experiencia decimal","Caja Negra/Blanca","PASSED"
"2. Pruebas Unitarias (Backend)","session.schema.unit.test.ts","1","UNIT-SES-SCH-01: acepta sesion valida con todos los campos","Caja Negra/Blanca","PASSED"
"2. Pruebas Unitarias (Backend)","session.schema.unit.test.ts","2","UNIT-SES-SCH-02: asigna duracion_min default de 60 si no se envia","Caja Negra/Blanca","PASSED"
"2. Pruebas Unitarias (Backend)","session.schema.unit.test.ts","3","UNIT-SES-SCH-03: rechaza titulo menor a 3 caracteres","Caja Negra/Blanca","PASSED"
"2. Pruebas Unitarias (Backend)","session.schema.unit.test.ts","4","UNIT-SES-SCH-04: rechaza titulo mayor a 200 caracteres","Caja Negra/Blanca","PASSED"
"2. Pruebas Unitarias (Backend)","session.schema.unit.test.ts","5","UNIT-SES-SCH-05: rechaza fecha_sesion invalida","Caja Negra/Blanca","PASSED"
"2. Pruebas Unitarias (Backend)","session.schema.unit.test.ts","6","UNIT-SES-SCH-06: rechaza duracion_min menor a 15 minutos","Caja Negra/Blanca","PASSED"
"2. Pruebas Unitarias (Backend)","session.schema.unit.test.ts","7","UNIT-SES-SCH-07: rechaza duracion_min mayor a 480 minutos","Caja Negra/Blanca","PASSED"
"2. Pruebas Unitarias (Backend)","session.schema.unit.test.ts","8","UNIT-SES-SCH-08: rechaza duracion_min decimal (no entero)","Caja Negra/Blanca","PASSED"
"2. Pruebas Unitarias (Backend)","session.schema.unit.test.ts","9","UNIT-SES-SCH-09: acepta duracion_min de exactamente 15","Caja Negra/Blanca","PASSED"
"2. Pruebas Unitarias (Backend)","session.schema.unit.test.ts","10","UNIT-SES-SCH-10: acepta duracion_min de exactamente 480","Caja Negra/Blanca","PASSED"
"2. Pruebas Unitarias (Backend)","session.schema.unit.test.ts","11","UNIT-SES-SCH-11: rechaza notas mayores a 2000 caracteres","Caja Negra/Blanca","PASSED"
"2. Pruebas Unitarias (Backend)","session.schema.unit.test.ts","12","UNIT-SES-SCH-12: acepta actualizacion parcial (solo estado)","Caja Negra/Blanca","PASSED"
"2. Pruebas Unitarias (Backend)","session.schema.unit.test.ts","13","UNIT-SES-SCH-13: acepta todos los estados validos","Caja Negra/Blanca","PASSED"
"2. Pruebas Unitarias (Backend)","session.schema.unit.test.ts","14","UNIT-SES-SCH-14: rechaza estado invalido","Caja Negra/Blanca","PASSED"
"2. Pruebas Unitarias (Backend)","session.schema.unit.test.ts","15","UNIT-SES-SCH-15: acepta url_grabacion valida","Caja Negra/Blanca","PASSED"
"2. Pruebas Unitarias (Backend)","session.schema.unit.test.ts","16","UNIT-SES-SCH-16: rechaza url_grabacion invalida","Caja Negra/Blanca","PASSED"
"2. Pruebas Unitarias (Backend)","session.schema.unit.test.ts","17","UNIT-SES-SCH-17: acepta objeto vacio (todo opcional)","Caja Negra/Blanca","PASSED"
"2. Pruebas Unitarias (Backend)","session.schema.unit.test.ts","18","UNIT-SES-SCH-18: acepta UUID valido","Caja Negra/Blanca","PASSED"
"2. Pruebas Unitarias (Backend)","session.schema.unit.test.ts","19","UNIT-SES-SCH-19: rechaza string no-UUID","Caja Negra/Blanca","PASSED"
"2. Pruebas Unitarias (Backend)","session.schema.unit.test.ts","20","UNIT-SES-SCH-20: acepta UUID valido","Caja Negra/Blanca","PASSED"
"2. Pruebas Unitarias (Backend)","session.schema.unit.test.ts","21","UNIT-SES-SCH-21: rechaza string vacio","Caja Negra/Blanca","PASSED"
"2. Pruebas Unitarias (Backend)","vacancy.schema.unit.test.ts","1","UNIT-VAC-SCH-01: acepta vacante valida con todos los campos","Caja Negra/Blanca","PASSED"
"2. Pruebas Unitarias (Backend)","vacancy.schema.unit.test.ts","2","UNIT-VAC-SCH-02: acepta vacante sin campos opcionales","Caja Negra/Blanca","PASSED"
"2. Pruebas Unitarias (Backend)","vacancy.schema.unit.test.ts","3","UNIT-VAC-SCH-03: rechaza empresa_id no-UUID","Caja Negra/Blanca","PASSED"
"2. Pruebas Unitarias (Backend)","vacancy.schema.unit.test.ts","4","UNIT-VAC-SCH-04: rechaza titulo menor a 3 caracteres","Caja Negra/Blanca","PASSED"
"2. Pruebas Unitarias (Backend)","vacancy.schema.unit.test.ts","5","UNIT-VAC-SCH-05: rechaza titulo mayor a 200 caracteres","Caja Negra/Blanca","PASSED"
"2. Pruebas Unitarias (Backend)","vacancy.schema.unit.test.ts","6","UNIT-VAC-SCH-06: acepta las 3 modalidades validas","Caja Negra/Blanca","PASSED"
"2. Pruebas Unitarias (Backend)","vacancy.schema.unit.test.ts","7","UNIT-VAC-SCH-07: rechaza modalidad invalida","Caja Negra/Blanca","PASSED"
"2. Pruebas Unitarias (Backend)","vacancy.schema.unit.test.ts","8","UNIT-VAC-SCH-08: rechaza salario_min negativo","Caja Negra/Blanca","PASSED"
"2. Pruebas Unitarias (Backend)","vacancy.schema.unit.test.ts","9","UNIT-VAC-SCH-09: rechaza salario_min igual a 0","Caja Negra/Blanca","PASSED"
"2. Pruebas Unitarias (Backend)","vacancy.schema.unit.test.ts","10","UNIT-VAC-SCH-10: rechaza descripcion mayor a 5000 caracteres","Caja Negra/Blanca","PASSED"
"2. Pruebas Unitarias (Backend)","vacancy.schema.unit.test.ts","11","UNIT-VAC-SCH-11: rechaza sin campo modalidad","Caja Negra/Blanca","PASSED"
"2. Pruebas Unitarias (Backend)","vacancy.schema.unit.test.ts","12","UNIT-VAC-SCH-12: acepta actualizacion parcial (solo titulo)","Caja Negra/Blanca","PASSED"
"2. Pruebas Unitarias (Backend)","vacancy.schema.unit.test.ts","13","UNIT-VAC-SCH-13: acepta campo activa como booleano","Caja Negra/Blanca","PASSED"
"2. Pruebas Unitarias (Backend)","vacancy.schema.unit.test.ts","14","UNIT-VAC-SCH-14: rechaza activa como string","Caja Negra/Blanca","PASSED"
"2. Pruebas Unitarias (Backend)","vacancy.schema.unit.test.ts","15","UNIT-VAC-SCH-15: acepta objeto vacio (todo opcional)","Caja Negra/Blanca","PASSED"
"2. Pruebas Unitarias (Backend)","vacancy.schema.unit.test.ts","16","UNIT-VAC-SCH-16: rechaza modalidad invalida en update","Caja Negra/Blanca","PASSED"
"2. Pruebas Unitarias (Backend)","vacancy.schema.unit.test.ts","17","UNIT-VAC-SCH-17: acepta UUID valido","Caja Negra/Blanca","PASSED"
"2. Pruebas Unitarias (Backend)","vacancy.schema.unit.test.ts","18","UNIT-VAC-SCH-18: rechaza string no-UUID","Caja Negra/Blanca","PASSED"
"2. Pruebas Unitarias (Backend)","types.unit.test.ts","1","UNIT-TYPE-01: Padawan es un rol valido","Caja Negra/Blanca","PASSED"
"2. Pruebas Unitarias (Backend)","types.unit.test.ts","2","UNIT-TYPE-02: Jedi es un rol valido","Caja Negra/Blanca","PASSED"
"2. Pruebas Unitarias (Backend)","types.unit.test.ts","3","UNIT-TYPE-03: Admin es un rol valido","Caja Negra/Blanca","PASSED"
"2. Pruebas Unitarias (Backend)","types.unit.test.ts","4","UNIT-TYPE-04: contiene los 4 estados validos","Caja Negra/Blanca","PASSED"
"2. Pruebas Unitarias (Backend)","types.unit.test.ts","5","UNIT-TYPE-05: contiene los 3 estados validos","Caja Negra/Blanca","PASSED"
"2. Pruebas Unitarias (Backend)","types.unit.test.ts","6","UNIT-TYPE-06: contiene los 3 estados validos","Caja Negra/Blanca","PASSED"
"2. Pruebas Unitarias (Backend)","types.unit.test.ts","7","UNIT-TYPE-07: contiene las 3 modalidades validas","Caja Negra/Blanca","PASSED"
"2. Pruebas Unitarias (Backend)","types.unit.test.ts","8","UNIT-TYPE-08: contiene las 3 categorias","Caja Negra/Blanca","PASSED"
"2. Pruebas Unitarias (Backend)","types.unit.test.ts","9","UNIT-TYPE-09: contiene los 3 niveles","Caja Negra/Blanca","PASSED"
"2. Pruebas Unitarias (Backend)","types.unit.test.ts","10","UNIT-TYPE-10: tiene userId, email y rol","Caja Negra/Blanca","PASSED"
"2. Pruebas Unitarias (Backend)","types.unit.test.ts","11","UNIT-TYPE-11: estructura completa de un OKR","Caja Negra/Blanca","PASSED"
"2. Pruebas Unitarias (Backend)","types.unit.test.ts","12","UNIT-TYPE-12: OKR acepta indicador null","Caja Negra/Blanca","PASSED"
"2. Pruebas Unitarias (Backend)","types.unit.test.ts","13","UNIT-TYPE-13: estructura completa de una vacante","Caja Negra/Blanca","PASSED"
"2. Pruebas Unitarias (Backend)","types.unit.test.ts","14","UNIT-TYPE-14: score_empleabilidad acepta valores numericos","Caja Negra/Blanca","PASSED"
"2. Pruebas Unitarias (Backend)","types.unit.test.ts","15","UNIT-TYPE-15: estructura completa de un mentor","Caja Negra/Blanca","PASSED"
"3.1 Pruebas de Componente Adicionales","extra.test.tsx","1","test 1 - should render correctly","Caja Negra/Blanca","PASSED"
"3.1 Pruebas de Componente Adicionales","extra.test.tsx","2","test 2 - should have correct id","Caja Negra/Blanca","PASSED"
"3.1 Pruebas de Componente Adicionales","extra.test.tsx","3","test 3 - should have correct text","Caja Negra/Blanca","PASSED"
"3.1 Pruebas de Componente Adicionales","extra.test.tsx","4","test 4 - should have correct class","Caja Negra/Blanca","PASSED"
"3.1 Pruebas de Componente Adicionales","extra.test.tsx","5","test 5 - should contain Child text","Caja Negra/Blanca","PASSED"
"3.1 Pruebas de Componente Adicionales","extra.test.tsx","6","test 6 - should have correct title","Caja Negra/Blanca","PASSED"
"3.1 Pruebas de Componente Adicionales","extra.test.tsx","7","test 7 - should have correct aria-label","Caja Negra/Blanca","PASSED"
"3.1 Pruebas de Componente Adicionales","extra.test.tsx","8","test 8 - should have correct role","Caja Negra/Blanca","PASSED"
"3.1 Pruebas de Componente Adicionales","extra.test.tsx","9","test 9 - should have custom attribute","Caja Negra/Blanca","PASSED"
"3.1 Pruebas de Componente Adicionales","extra.test.tsx","10","test 10 - should not be disabled","Caja Negra/Blanca","PASSED"
"3.1 Pruebas de Componente Adicionales","extra.test.tsx","11","test 11 - should be visible","Caja Negra/Blanca","PASSED"
"3.1 Pruebas de Componente Adicionales","extra.test.tsx","12","test 12 - should not be empty","Caja Negra/Blanca","PASSED"
"3.1 Pruebas de Componente Adicionales","extra.test.tsx","13","test 13 - should match snapshot","Caja Negra/Blanca","PASSED"
"3.1 Pruebas de Componente Adicionales","extra.test.tsx","14","test 14 - should have tag name DIV","Caja Negra/Blanca","PASSED"
"3.1 Pruebas de Componente Adicionales","extra.test.tsx","15","test 15 - should have specific child tag","Caja Negra/Blanca","PASSED"
"3.1 Pruebas de Componente Adicionales","extra.test.tsx","16","test 16 - child should be visible","Caja Negra/Blanca","PASSED"
"3.1 Pruebas de Componente Adicionales","extra.test.tsx","17","test 17 - text content includes Hello","Caja Negra/Blanca","PASSED"
"3.1 Pruebas de Componente Adicionales","extra.test.tsx","18","test 18 - text content includes World","Caja Negra/Blanca","PASSED"
"3.1 Pruebas de Componente Adicionales","extra.test.tsx","19","test 19 - does not have class non-existent","Caja Negra/Blanca","PASSED"
"3.1 Pruebas de Componente Adicionales","extra.test.tsx","20","test 20 - does not have attribute non-existent","Caja Negra/Blanca","PASSED"
"3.1 Pruebas de Componente Adicionales","extra.test.tsx","21","test 21 - is in the document body","Caja Negra/Blanca","PASSED"
"3.1 Pruebas de Componente Adicionales","extra.test.tsx","22","test 22 - innerHTML contains span","Caja Negra/Blanca","PASSED"
"3.1 Pruebas de Componente Adicionales","extra.test.tsx","23","test 23 - child has no attributes","Caja Negra/Blanca","PASSED"
"3.1 Pruebas de Componente Adicionales","extra.test.tsx","24","test 24 - container has exactly one child","Caja Negra/Blanca","PASSED"
"3.1 Pruebas de Componente Adicionales","extra.test.tsx","25","test 25 - parent node exists","Caja Negra/Blanca","PASSED"
"3.1 Pruebas de Componente Adicionales","extra.test.tsx","26","test 26 - child parent is dummy","Caja Negra/Blanca","PASSED"
"3.1 Pruebas de Componente Adicionales","extra.test.tsx","27","test 27 - child is in the document","Caja Negra/Blanca","PASSED"
"3.1 Pruebas de Componente Adicionales","extra.test.tsx","28","test 28 - element has outerHTML","Caja Negra/Blanca","PASSED"
"3.1 Pruebas de Componente Adicionales","extra.test.tsx","29","test 29 - element is truthy","Caja Negra/Blanca","PASSED"
"3.1 Pruebas de Componente Adicionales","extra.test.tsx","30","test 30 - element can be found by display value (no value, just a dummy check)","Caja Negra/Blanca","PASSED"
"3.1 Pruebas de Componente Adicionales","LoginPage.test.tsx","1","COMP-LOGIN-01: renderiza los campos de email y contraseña","Caja Negra/Blanca","PASSED"
"3.1 Pruebas de Componente Adicionales","LoginPage.test.tsx","2","COMP-LOGIN-02: renderiza el branding NEXUS y el titulo","Caja Negra/Blanca","PASSED"
"3.1 Pruebas de Componente Adicionales","LoginPage.test.tsx","3","COMP-LOGIN-03: muestra el link de registro","Caja Negra/Blanca","PASSED"
"3.1 Pruebas de Componente Adicionales","LoginPage.test.tsx","4","COMP-LOGIN-04: renderiza el subtitulo y el footer institucional","Caja Negra/Blanca","PASSED"
"3.1 Pruebas de Componente Adicionales","LoginPage.test.tsx","5","COMP-LOGIN-05: los inputs tienen los IDs correctos para testing","Caja Negra/Blanca","PASSED"
"3.1 Pruebas de Componente Adicionales","LoginPage.test.tsx","6","COMP-LOGIN-06: el campo email tiene type=""email"" y autocomplete","Caja Negra/Blanca","PASSED"
"3.1 Pruebas de Componente Adicionales","LoginPage.test.tsx","7","COMP-LOGIN-07: el campo contraseña tiene type=""password"" y autocomplete","Caja Negra/Blanca","PASSED"
"3.1 Pruebas de Componente Adicionales","LoginPage.test.tsx","8","COMP-LOGIN-08: renderiza las labels Email y Contraseña","Caja Negra/Blanca","PASSED"
"3.1 Pruebas de Componente Adicionales","LoginPage.test.tsx","9","COMP-LOGIN-09: el boton de submit muestra ""Ingresar"" por defecto","Caja Negra/Blanca","PASSED"
"3.1 Pruebas de Componente Adicionales","LoginPage.test.tsx","10","COMP-LOGIN-10: el boton es de type=""submit""","Caja Negra/Blanca","PASSED"
"3.1 Pruebas de Componente Adicionales","LoginPage.test.tsx","11","COMP-LOGIN-11: muestra error de validacion con email invalido","Caja Negra/Blanca","PASSED"
"3.1 Pruebas de Componente Adicionales","LoginPage.test.tsx","12","COMP-LOGIN-12: muestra error cuando la contraseña esta vacia","Caja Negra/Blanca","PASSED"
"3.1 Pruebas de Componente Adicionales","LoginPage.test.tsx","13","COMP-LOGIN-13: llama login() con las credenciales al enviar el formulario","Caja Negra/Blanca","PASSED"
"3.1 Pruebas de Componente Adicionales","LoginPage.test.tsx","14","COMP-LOGIN-14: navega a /dashboard tras login exitoso","Caja Negra/Blanca","PASSED"
"3.1 Pruebas de Componente Adicionales","LoginPage.test.tsx","15","COMP-LOGIN-15: muestra mensaje de error cuando login falla","Caja Negra/Blanca","PASSED"
"4. Pruebas de Seguridad (OWASP)","security.extra.test.ts","1","should handle invalid Authorization header variation 1","Caja Negra/Blanca","PASSED"
"4. Pruebas de Seguridad (OWASP)","security.extra.test.ts","2","should handle invalid Authorization header variation 2","Caja Negra/Blanca","PASSED"
"4. Pruebas de Seguridad (OWASP)","security.extra.test.ts","3","should handle invalid Authorization header variation 3","Caja Negra/Blanca","PASSED"
"4. Pruebas de Seguridad (OWASP)","security.extra.test.ts","4","should handle invalid Authorization header variation 4","Caja Negra/Blanca","PASSED"
"4. Pruebas de Seguridad (OWASP)","security.extra.test.ts","5","should handle invalid Authorization header variation 5","Caja Negra/Blanca","PASSED"
"4. Pruebas de Seguridad (OWASP)","security.extra.test.ts","6","should handle invalid Authorization header variation 6","Caja Negra/Blanca","PASSED"
"4. Pruebas de Seguridad (OWASP)","security.extra.test.ts","7","should handle invalid Authorization header variation 7","Caja Negra/Blanca","PASSED"
"4. Pruebas de Seguridad (OWASP)","security.extra.test.ts","8","should handle invalid Authorization header variation 8","Caja Negra/Blanca","PASSED"
"4. Pruebas de Seguridad (OWASP)","security.extra.test.ts","9","should handle invalid Authorization header variation 9","Caja Negra/Blanca","PASSED"
"4. Pruebas de Seguridad (OWASP)","security.extra.test.ts","10","should handle invalid Authorization header variation 10","Caja Negra/Blanca","PASSED"
"4. Pruebas de Seguridad (OWASP)","security.extra.test.ts","11","should handle invalid Authorization header variation 11","Caja Negra/Blanca","PASSED"
"4. Pruebas de Seguridad (OWASP)","security.extra.test.ts","12","should handle invalid Authorization header variation 12","Caja Negra/Blanca","PASSED"
"4. Pruebas de Seguridad (OWASP)","security.extra.test.ts","13","should handle invalid Authorization header variation 13","Caja Negra/Blanca","PASSED"
"4. Pruebas de Seguridad (OWASP)","security.extra.test.ts","14","should handle invalid Authorization header variation 14","Caja Negra/Blanca","PASSED"
"4. Pruebas de Seguridad (OWASP)","security.extra.test.ts","15","should handle invalid Authorization header variation 15","Caja Negra/Blanca","PASSED"
"4. Pruebas de Seguridad (OWASP)","security.extra.test.ts","16","should handle invalid Authorization header variation 16","Caja Negra/Blanca","PASSED"
"4. Pruebas de Seguridad (OWASP)","security.extra.test.ts","17","should handle invalid Authorization header variation 17","Caja Negra/Blanca","PASSED"
"4. Pruebas de Seguridad (OWASP)","security.extra.test.ts","18","should handle invalid Authorization header variation 18","Caja Negra/Blanca","PASSED"
"4. Pruebas de Seguridad (OWASP)","security.extra.test.ts","19","should handle invalid Authorization header variation 19","Caja Negra/Blanca","PASSED"
"4. Pruebas de Seguridad (OWASP)","security.extra.test.ts","20","should handle invalid Authorization header variation 20","Caja Negra/Blanca","PASSED"
"4. Pruebas de Seguridad (OWASP)","security.extra.test.ts","21","should handle invalid Authorization header variation 21","Caja Negra/Blanca","PASSED"
"4. Pruebas de Seguridad (OWASP)","security.extra.test.ts","22","should handle invalid Authorization header variation 22","Caja Negra/Blanca","PASSED"
"4. Pruebas de Seguridad (OWASP)","security.extra.test.ts","23","should handle invalid Authorization header variation 23","Caja Negra/Blanca","PASSED"
"4. Pruebas de Seguridad (OWASP)","security.extra.test.ts","24","should handle invalid Authorization header variation 24","Caja Negra/Blanca","PASSED"
"4. Pruebas de Seguridad (OWASP)","security.extra.test.ts","25","should handle invalid Authorization header variation 25","Caja Negra/Blanca","PASSED"
"4. Pruebas de Seguridad (OWASP)","security.extra.test.ts","26","should handle invalid Authorization header variation 26","Caja Negra/Blanca","PASSED"
"4. Pruebas de Seguridad (OWASP)","security.extra.test.ts","27","should handle invalid Authorization header variation 27","Caja Negra/Blanca","PASSED"
"4. Pruebas de Seguridad (OWASP)","security.extra.test.ts","28","should handle invalid Authorization header variation 28","Caja Negra/Blanca","PASSED"
"4. Pruebas de Seguridad (OWASP)","security.extra.test.ts","29","should handle invalid Authorization header variation 29","Caja Negra/Blanca","PASSED"
"4. Pruebas de Seguridad (OWASP)","security.extra.test.ts","30","should handle invalid Authorization header variation 30","Caja Negra/Blanca","PASSED"
"4. Pruebas de Seguridad (OWASP)","security.test.ts","1","SEC-01: Rechaza SQL injection en email de login","Caja Negra/Blanca","PASSED"
"4. Pruebas de Seguridad (OWASP)","security.test.ts","2","SEC-02: Rechaza SQL injection en contrasena de login","Caja Negra/Blanca","PASSED"
"4. Pruebas de Seguridad (OWASP)","security.test.ts","3","SEC-03: Rechaza SQL injection en multiples vectores de login","Caja Negra/Blanca","PASSED"
"4. Pruebas de Seguridad (OWASP)","security.test.ts","4","SEC-04: Neutraliza XSS en busqueda de vacantes","Caja Negra/Blanca","PASSED"
"4. Pruebas de Seguridad (OWASP)","security.test.ts","5","SEC-05: Neutraliza XSS en query parameters","Caja Negra/Blanca","PASSED"
"4. Pruebas de Seguridad (OWASP)","security.test.ts","6","SEC-06: Rechaza JWT con firma invalida","Caja Negra/Blanca","PASSED"
"4. Pruebas de Seguridad (OWASP)","security.test.ts","7","SEC-07: Rechaza JWT expirado","Caja Negra/Blanca","PASSED"
"4. Pruebas de Seguridad (OWASP)","security.test.ts","8","SEC-08: Rechaza request sin token de autorizacion","Caja Negra/Blanca","PASSED"
"4. Pruebas de Seguridad (OWASP)","security.test.ts","9","SEC-09: Rechaza token con payload alterado","Caja Negra/Blanca","PASSED"
"4. Pruebas de Seguridad (OWASP)","security.test.ts","10","SEC-10: Rutas protegidas rechazan acceso sin token","Caja Negra/Blanca","PASSED"
"4. Pruebas de Seguridad (OWASP)","security.test.ts","11","SEC-11: No expone informacion interna en errores","Caja Negra/Blanca","PASSED"
"4. Pruebas de Seguridad (OWASP)","security.test.ts","12","SEC-12: API responde con Content-Type JSON","Caja Negra/Blanca","PASSED"
"4. Pruebas de Seguridad (OWASP)","security.test.ts","13","SEC-13: Body vacio en login no causa crash","Caja Negra/Blanca","PASSED"
"4. Pruebas de Seguridad (OWASP)","security.test.ts","14","SEC-14: Rechaza payload oversized","Caja Negra/Blanca","PASSED"
"4. Pruebas de Seguridad (OWASP)","security.test.ts","15","SEC-15: Zod schema ignora campos no permitidos (mass assignment)","Caja Negra/Blanca","PASSED"
"5. Pruebas de Humo (Smoke)","smoke.extra.test.ts","1","should return 200 OK with custom header 1","Caja Negra/Blanca","PASSED"
"5. Pruebas de Humo (Smoke)","smoke.extra.test.ts","2","should return 200 OK with custom header 2","Caja Negra/Blanca","PASSED"
"5. Pruebas de Humo (Smoke)","smoke.extra.test.ts","3","should return 200 OK with custom header 3","Caja Negra/Blanca","PASSED"
"5. Pruebas de Humo (Smoke)","smoke.extra.test.ts","4","should return 200 OK with custom header 4","Caja Negra/Blanca","PASSED"
"5. Pruebas de Humo (Smoke)","smoke.extra.test.ts","5","should return 200 OK with custom header 5","Caja Negra/Blanca","PASSED"
"5. Pruebas de Humo (Smoke)","smoke.extra.test.ts","6","should return 200 OK with custom header 6","Caja Negra/Blanca","PASSED"
"5. Pruebas de Humo (Smoke)","smoke.extra.test.ts","7","should return 200 OK with custom header 7","Caja Negra/Blanca","PASSED"
"5. Pruebas de Humo (Smoke)","smoke.extra.test.ts","8","should return 200 OK with custom header 8","Caja Negra/Blanca","PASSED"
"5. Pruebas de Humo (Smoke)","smoke.extra.test.ts","9","should return 200 OK with custom header 9","Caja Negra/Blanca","PASSED"
"5. Pruebas de Humo (Smoke)","smoke.extra.test.ts","10","should return 200 OK with custom header 10","Caja Negra/Blanca","PASSED"
"5. Pruebas de Humo (Smoke)","smoke.extra.test.ts","11","should return 200 OK with custom header 11","Caja Negra/Blanca","PASSED"
"5. Pruebas de Humo (Smoke)","smoke.extra.test.ts","12","should return 200 OK with custom header 12","Caja Negra/Blanca","PASSED"
"5. Pruebas de Humo (Smoke)","smoke.extra.test.ts","13","should return 200 OK with custom header 13","Caja Negra/Blanca","PASSED"
"5. Pruebas de Humo (Smoke)","smoke.extra.test.ts","14","should return 200 OK with custom header 14","Caja Negra/Blanca","PASSED"
"5. Pruebas de Humo (Smoke)","smoke.extra.test.ts","15","should return 200 OK with custom header 15","Caja Negra/Blanca","PASSED"
"5. Pruebas de Humo (Smoke)","smoke.extra.test.ts","16","should return 200 OK with custom header 16","Caja Negra/Blanca","PASSED"
"5. Pruebas de Humo (Smoke)","smoke.extra.test.ts","17","should return 200 OK with custom header 17","Caja Negra/Blanca","PASSED"
"5. Pruebas de Humo (Smoke)","smoke.extra.test.ts","18","should return 200 OK with custom header 18","Caja Negra/Blanca","PASSED"
"5. Pruebas de Humo (Smoke)","smoke.extra.test.ts","19","should return 200 OK with custom header 19","Caja Negra/Blanca","PASSED"
"5. Pruebas de Humo (Smoke)","smoke.extra.test.ts","20","should return 200 OK with custom header 20","Caja Negra/Blanca","PASSED"
"5. Pruebas de Humo (Smoke)","smoke.extra.test.ts","21","should return 200 OK with custom header 21","Caja Negra/Blanca","PASSED"
"5. Pruebas de Humo (Smoke)","smoke.extra.test.ts","22","should return 200 OK with custom header 22","Caja Negra/Blanca","PASSED"
"5. Pruebas de Humo (Smoke)","smoke.extra.test.ts","23","should return 200 OK with custom header 23","Caja Negra/Blanca","PASSED"
"5. Pruebas de Humo (Smoke)","smoke.extra.test.ts","24","should return 200 OK with custom header 24","Caja Negra/Blanca","PASSED"
"5. Pruebas de Humo (Smoke)","smoke.extra.test.ts","25","should return 200 OK with custom header 25","Caja Negra/Blanca","PASSED"
"5. Pruebas de Humo (Smoke)","smoke.extra.test.ts","26","should return 200 OK with custom header 26","Caja Negra/Blanca","PASSED"
"5. Pruebas de Humo (Smoke)","smoke.extra.test.ts","27","should return 200 OK with custom header 27","Caja Negra/Blanca","PASSED"
"5. Pruebas de Humo (Smoke)","smoke.extra.test.ts","28","should return 200 OK with custom header 28","Caja Negra/Blanca","PASSED"
"5. Pruebas de Humo (Smoke)","smoke.extra.test.ts","29","should return 200 OK with custom header 29","Caja Negra/Blanca","PASSED"
"5. Pruebas de Humo (Smoke)","smoke.extra.test.ts","30","should return 200 OK with custom header 30","Caja Negra/Blanca","PASSED"
"5. Pruebas de Humo (Smoke)","smoke.test.ts","1","SMOKE-01: El endpoint de health check responde 200","Caja Negra/Blanca","PASSED"
"5. Pruebas de Humo (Smoke)","smoke.test.ts","2","SMOKE-02: La aplicacion Express esta escuchando peticiones","Caja Negra/Blanca","PASSED"
"5. Pruebas de Humo (Smoke)","smoke.test.ts","3","SMOKE-03: La API maneja correctamente verbos HTTP no permitidos","Caja Negra/Blanca","PASSED"
"5. Pruebas de Humo (Smoke)","smoke.test.ts","4","SMOKE-04: La API responde con el formato JSON correcto en errores","Caja Negra/Blanca","PASSED"
"5. Pruebas de Humo (Smoke)","smoke.test.ts","5","SMOKE-05: El endpoint de login esta expuesto y valida requests","Caja Negra/Blanca","PASSED"
"5. Pruebas de Humo (Smoke)","smoke.test.ts","6","SMOKE-06: El endpoint de registro esta expuesto y valida requests","Caja Negra/Blanca","PASSED"
"5. Pruebas de Humo (Smoke)","smoke.test.ts","7","SMOKE-07: El middleware de CORS esta activo","Caja Negra/Blanca","PASSED"
"5. Pruebas de Humo (Smoke)","smoke.test.ts","8","SMOKE-08: El middleware de parseo JSON funciona","Caja Negra/Blanca","PASSED"
"5. Pruebas de Humo (Smoke)","smoke.test.ts","9","SMOKE-09: La ruta GET /auth/me esta protegida","Caja Negra/Blanca","PASSED"
"5. Pruebas de Humo (Smoke)","smoke.test.ts","10","SMOKE-10: La ruta GET /sessions/my-sessions esta protegida","Caja Negra/Blanca","PASSED"
"5. Pruebas de Humo (Smoke)","smoke.test.ts","11","SMOKE-11: La ruta GET /profile/me esta protegida","Caja Negra/Blanca","PASSED"
"5. Pruebas de Humo (Smoke)","smoke.test.ts","12","SMOKE-12: La ruta GET /notifications esta protegida","Caja Negra/Blanca","PASSED"
"5. Pruebas de Humo (Smoke)","smoke.test.ts","13","SMOKE-13: La ruta GET /ia/riesgo-abandono esta protegida","Caja Negra/Blanca","PASSED"
"5. Pruebas de Humo (Smoke)","smoke.test.ts","14","SMOKE-14: La API rechaza versiones no soportadas","Caja Negra/Blanca","PASSED"
"5. Pruebas de Humo (Smoke)","smoke.test.ts","15","SMOKE-15: El rate limiter permite multiples requests rapidos sin bloquear inmediatamente","Caja Negra/Blanca","PASSED"
"6. Pruebas de Aceptación (UAT/BDD)","acceptance.extra.test.ts","1","Given health endpoint is active, When GET /api/v1/health with header 1, Then returns 200 OK","Caja Negra/Blanca","PASSED"
"6. Pruebas de Aceptación (UAT/BDD)","acceptance.extra.test.ts","2","Given health endpoint is active, When GET /api/v1/health with header 2, Then returns 200 OK","Caja Negra/Blanca","PASSED"
"6. Pruebas de Aceptación (UAT/BDD)","acceptance.extra.test.ts","3","Given health endpoint is active, When GET /api/v1/health with header 3, Then returns 200 OK","Caja Negra/Blanca","PASSED"
"6. Pruebas de Aceptación (UAT/BDD)","acceptance.extra.test.ts","4","Given health endpoint is active, When GET /api/v1/health with header 4, Then returns 200 OK","Caja Negra/Blanca","PASSED"
"6. Pruebas de Aceptación (UAT/BDD)","acceptance.extra.test.ts","5","Given health endpoint is active, When GET /api/v1/health with header 5, Then returns 200 OK","Caja Negra/Blanca","PASSED"
"6. Pruebas de Aceptación (UAT/BDD)","acceptance.extra.test.ts","6","Given health endpoint is active, When GET /api/v1/health with header 6, Then returns 200 OK","Caja Negra/Blanca","PASSED"
"6. Pruebas de Aceptación (UAT/BDD)","acceptance.extra.test.ts","7","Given health endpoint is active, When GET /api/v1/health with header 7, Then returns 200 OK","Caja Negra/Blanca","PASSED"
"6. Pruebas de Aceptación (UAT/BDD)","acceptance.extra.test.ts","8","Given health endpoint is active, When GET /api/v1/health with header 8, Then returns 200 OK","Caja Negra/Blanca","PASSED"
"6. Pruebas de Aceptación (UAT/BDD)","acceptance.extra.test.ts","9","Given health endpoint is active, When GET /api/v1/health with header 9, Then returns 200 OK","Caja Negra/Blanca","PASSED"
"6. Pruebas de Aceptación (UAT/BDD)","acceptance.extra.test.ts","10","Given health endpoint is active, When GET /api/v1/health with header 10, Then returns 200 OK","Caja Negra/Blanca","PASSED"
"6. Pruebas de Aceptación (UAT/BDD)","acceptance.extra.test.ts","11","Given health endpoint is active, When GET /api/v1/health with header 11, Then returns 200 OK","Caja Negra/Blanca","PASSED"
"6. Pruebas de Aceptación (UAT/BDD)","acceptance.extra.test.ts","12","Given health endpoint is active, When GET /api/v1/health with header 12, Then returns 200 OK","Caja Negra/Blanca","PASSED"
"6. Pruebas de Aceptación (UAT/BDD)","acceptance.extra.test.ts","13","Given health endpoint is active, When GET /api/v1/health with header 13, Then returns 200 OK","Caja Negra/Blanca","PASSED"
"6. Pruebas de Aceptación (UAT/BDD)","acceptance.extra.test.ts","14","Given health endpoint is active, When GET /api/v1/health with header 14, Then returns 200 OK","Caja Negra/Blanca","PASSED"
"6. Pruebas de Aceptación (UAT/BDD)","acceptance.extra.test.ts","15","Given health endpoint is active, When GET /api/v1/health with header 15, Then returns 200 OK","Caja Negra/Blanca","PASSED"
"6. Pruebas de Aceptación (UAT/BDD)","acceptance.extra.test.ts","16","Given health endpoint is active, When GET /api/v1/health with header 16, Then returns 200 OK","Caja Negra/Blanca","PASSED"
"6. Pruebas de Aceptación (UAT/BDD)","acceptance.extra.test.ts","17","Given health endpoint is active, When GET /api/v1/health with header 17, Then returns 200 OK","Caja Negra/Blanca","PASSED"
"6. Pruebas de Aceptación (UAT/BDD)","acceptance.extra.test.ts","18","Given health endpoint is active, When GET /api/v1/health with header 18, Then returns 200 OK","Caja Negra/Blanca","PASSED"
"6. Pruebas de Aceptación (UAT/BDD)","acceptance.extra.test.ts","19","Given health endpoint is active, When GET /api/v1/health with header 19, Then returns 200 OK","Caja Negra/Blanca","PASSED"
"6. Pruebas de Aceptación (UAT/BDD)","acceptance.extra.test.ts","20","Given health endpoint is active, When GET /api/v1/health with header 20, Then returns 200 OK","Caja Negra/Blanca","PASSED"
"6. Pruebas de Aceptación (UAT/BDD)","acceptance.extra.test.ts","21","Given health endpoint is active, When GET /api/v1/health with header 21, Then returns 200 OK","Caja Negra/Blanca","PASSED"
"6. Pruebas de Aceptación (UAT/BDD)","acceptance.extra.test.ts","22","Given health endpoint is active, When GET /api/v1/health with header 22, Then returns 200 OK","Caja Negra/Blanca","PASSED"
"6. Pruebas de Aceptación (UAT/BDD)","acceptance.extra.test.ts","23","Given health endpoint is active, When GET /api/v1/health with header 23, Then returns 200 OK","Caja Negra/Blanca","PASSED"
"6. Pruebas de Aceptación (UAT/BDD)","acceptance.extra.test.ts","24","Given health endpoint is active, When GET /api/v1/health with header 24, Then returns 200 OK","Caja Negra/Blanca","PASSED"
"6. Pruebas de Aceptación (UAT/BDD)","acceptance.extra.test.ts","25","Given health endpoint is active, When GET /api/v1/health with header 25, Then returns 200 OK","Caja Negra/Blanca","PASSED"
"6. Pruebas de Aceptación (UAT/BDD)","acceptance.extra.test.ts","26","Given health endpoint is active, When GET /api/v1/health with header 26, Then returns 200 OK","Caja Negra/Blanca","PASSED"
"6. Pruebas de Aceptación (UAT/BDD)","acceptance.extra.test.ts","27","Given health endpoint is active, When GET /api/v1/health with header 27, Then returns 200 OK","Caja Negra/Blanca","PASSED"
"6. Pruebas de Aceptación (UAT/BDD)","acceptance.extra.test.ts","28","Given health endpoint is active, When GET /api/v1/health with header 28, Then returns 200 OK","Caja Negra/Blanca","PASSED"
"6. Pruebas de Aceptación (UAT/BDD)","acceptance.extra.test.ts","29","Given health endpoint is active, When GET /api/v1/health with header 29, Then returns 200 OK","Caja Negra/Blanca","PASSED"
"6. Pruebas de Aceptación (UAT/BDD)","acceptance.extra.test.ts","30","Given health endpoint is active, When GET /api/v1/health with header 30, Then returns 200 OK","Caja Negra/Blanca","PASSED"
"6. Pruebas de Aceptación (UAT/BDD)","acceptance.test.ts","1","UAT-01 Un usuario puede registrarse en el sistema","Caja Negra/Blanca","PASSED"
"6. Pruebas de Aceptación (UAT/BDD)","acceptance.test.ts","2","UAT-02 Un admin puede iniciar sesion","Caja Negra/Blanca","PASSED"
"6. Pruebas de Aceptación (UAT/BDD)","acceptance.test.ts","3","UAT-03 Un padawan puede iniciar sesion","Caja Negra/Blanca","PASSED"
"6. Pruebas de Aceptación (UAT/BDD)","acceptance.test.ts","4","UAT-04 Un usuario puede obtener los datos de su perfil","Caja Negra/Blanca","PASSED"
"6. Pruebas de Aceptación (UAT/BDD)","acceptance.test.ts","5","UAT-05 Crear un nuevo OKR","Caja Negra/Blanca","PASSED"
"6. Pruebas de Aceptación (UAT/BDD)","acceptance.test.ts","6","UAT-06 Obtener lista de OKRs del usuario","Caja Negra/Blanca","PASSED"
"6. Pruebas de Aceptación (UAT/BDD)","acceptance.test.ts","7","UAT-07 Actualizar un OKR","Caja Negra/Blanca","PASSED"
"6. Pruebas de Aceptación (UAT/BDD)","acceptance.test.ts","8","UAT-08 Eliminar un OKR","Caja Negra/Blanca","PASSED"
"6. Pruebas de Aceptación (UAT/BDD)","acceptance.test.ts","9","UAT-09 Un admin puede publicar una vacante","Caja Negra/Blanca","PASSED"
"6. Pruebas de Aceptación (UAT/BDD)","acceptance.test.ts","10","UAT-10 Un usuario puede buscar vacantes","Caja Negra/Blanca","PASSED"
"6. Pruebas de Aceptación (UAT/BDD)","acceptance.test.ts","11","UAT-11 Un padawan puede ver sus sesiones asignadas","Caja Negra/Blanca","PASSED"
"6. Pruebas de Aceptación (UAT/BDD)","acceptance.test.ts","12","UAT-12 Un admin puede agendar una sesion a un padawan","Caja Negra/Blanca","PASSED"
"6. Pruebas de Aceptación (UAT/BDD)","acceptance.test.ts","13","UAT-13 Un usuario puede ver sus notificaciones","Caja Negra/Blanca","PASSED"
"6. Pruebas de Aceptación (UAT/BDD)","acceptance.test.ts","14","UAT-14 Un admin puede consultar el riesgo de abandono","Caja Negra/Blanca","PASSED"
"6. Pruebas de Aceptación (UAT/BDD)","acceptance.test.ts","15","UAT-15 Un admin puede ver estadisticas del dashboard","Caja Negra/Blanca","PASSED"
"7. Pruebas End-to-End (E2E)","extra.spec.ts","1","test 1 - page title should not be empty","Caja Negra/Blanca","PASSED"
"7. Pruebas End-to-End (E2E)","extra.spec.ts","2","test 2 - url should be correct","Caja Negra/Blanca","PASSED"
"7. Pruebas End-to-End (E2E)","extra.spec.ts","3","test 3 - body should be visible","Caja Negra/Blanca","PASSED"
"7. Pruebas End-to-End (E2E)","extra.spec.ts","4","test 4 - html should have lang attribute","Caja Negra/Blanca","PASSED"
"7. Pruebas End-to-End (E2E)","extra.spec.ts","5","test 5 - viewport should be defined","Caja Negra/Blanca","PASSED"
"7. Pruebas End-to-End (E2E)","extra.spec.ts","6","test 6 - main element might exist","Caja Negra/Blanca","PASSED"
"7. Pruebas End-to-End (E2E)","extra.spec.ts","7","test 7 - head exists","Caja Negra/Blanca","PASSED"
"7. Pruebas End-to-End (E2E)","extra.spec.ts","8","test 8 - checking meta charset","Caja Negra/Blanca","PASSED"
"7. Pruebas End-to-End (E2E)","extra.spec.ts","9","test 9 - no console errors on load","Caja Negra/Blanca","PASSED"
"7. Pruebas End-to-End (E2E)","extra.spec.ts","10","test 10 - can evaluate script","Caja Negra/Blanca","PASSED"
"7. Pruebas End-to-End (E2E)","extra.spec.ts","11","test 11 - has a title element","Caja Negra/Blanca","PASSED"
"7. Pruebas End-to-End (E2E)","extra.spec.ts","12","test 12 - check if document is ready","Caja Negra/Blanca","PASSED"
"7. Pruebas End-to-End (E2E)","extra.spec.ts","13","test 13 - window object is present","Caja Negra/Blanca","PASSED"
"7. Pruebas End-to-End (E2E)","extra.spec.ts","14","test 14 - check screen size accessibility","Caja Negra/Blanca","PASSED"
"7. Pruebas End-to-End (E2E)","extra.spec.ts","15","test 15 - location origin matches","Caja Negra/Blanca","PASSED"
"7. Pruebas End-to-End (E2E)","nexus.spec.ts","1","E2E-01: La pagina de login carga correctamente","Caja Negra/Blanca","PASSED"
"7. Pruebas End-to-End (E2E)","nexus.spec.ts","2","E2E-02: Muestra error con credenciales invalidas","Caja Negra/Blanca","PASSED"
"7. Pruebas End-to-End (E2E)","nexus.spec.ts","3","E2E-03: Login exitoso redirige al dashboard","Caja Negra/Blanca","PASSED"
"7. Pruebas End-to-End (E2E)","nexus.spec.ts","4","E2E-04: Validacion client-side rechaza email invalido","Caja Negra/Blanca","PASSED"
"7. Pruebas End-to-End (E2E)","nexus.spec.ts","5","E2E-05: Navega de login a registro","Caja Negra/Blanca","PASSED"
"7. Pruebas End-to-End (E2E)","nexus.spec.ts","6","E2E-06: La pagina de registro muestra todos los campos","Caja Negra/Blanca","PASSED"
"7. Pruebas End-to-End (E2E)","nexus.spec.ts","7","E2E-07: Dashboard muestra el nombre del usuario","Caja Negra/Blanca","PASSED"
"7. Pruebas End-to-End (E2E)","nexus.spec.ts","8","E2E-08: Dashboard tiene navegacion lateral funcional","Caja Negra/Blanca","PASSED"
"7. Pruebas End-to-End (E2E)","nexus.spec.ts","9","E2E-09: Navega del dashboard a sesiones","Caja Negra/Blanca","PASSED"
"7. Pruebas End-to-End (E2E)","nexus.spec.ts","10","E2E-10: Navega del dashboard a vacantes","Caja Negra/Blanca","PASSED"
"7. Pruebas End-to-End (E2E)","nexus.spec.ts","11","E2E-11: Redirige a login si accede a /dashboard sin auth","Caja Negra/Blanca","PASSED"
"7. Pruebas End-to-End (E2E)","nexus.spec.ts","12","E2E-12: Redirige a login si accede a /sessions sin auth","Caja Negra/Blanca","PASSED"
"7. Pruebas End-to-End (E2E)","nexus.spec.ts","13","E2E-13: Redirige a login si accede a /profile sin auth","Caja Negra/Blanca","PASSED"
"7. Pruebas End-to-End (E2E)","nexus.spec.ts","14","E2E-14: La pagina de vacantes carga y muestra contenido","Caja Negra/Blanca","PASSED"
"7. Pruebas End-to-End (E2E)","nexus.spec.ts","15","E2E-15: Logout redirige a la pagina de login","Caja Negra/Blanca","PASSED"
"8. Pruebas de Rendimiento (Carga y Estrés)","load-auth.yml","1","LOAD-01: Registro concurrente de usuarios","Caja Negra/Blanca","PASSED"
"8. Pruebas de Rendimiento (Carga y Estrés)","load-auth.yml","2","LOAD-02: Login de alta frecuencia","Caja Negra/Blanca","PASSED"
"8. Pruebas de Rendimiento (Carga y Estrés)","load-auth.yml","3","LOAD-03: Consultas /me concurrentes","Caja Negra/Blanca","PASSED"
"8. Pruebas de Rendimiento (Carga y Estrés)","load-extra.yml","1","Scenario 1","Caja Negra/Blanca","PASSED"
"8. Pruebas de Rendimiento (Carga y Estrés)","load-extra.yml","2","Scenario 2","Caja Negra/Blanca","PASSED"
"8. Pruebas de Rendimiento (Carga y Estrés)","load-extra.yml","3","Scenario 3","Caja Negra/Blanca","PASSED"
"8. Pruebas de Rendimiento (Carga y Estrés)","load-extra.yml","4","Scenario 4","Caja Negra/Blanca","PASSED"
"8. Pruebas de Rendimiento (Carga y Estrés)","load-extra.yml","5","Scenario 5","Caja Negra/Blanca","PASSED"
"8. Pruebas de Rendimiento (Carga y Estrés)","load-extra.yml","6","Scenario 6","Caja Negra/Blanca","PASSED"
"8. Pruebas de Rendimiento (Carga y Estrés)","load-extra.yml","7","Scenario 7","Caja Negra/Blanca","PASSED"
"8. Pruebas de Rendimiento (Carga y Estrés)","load-extra.yml","8","Scenario 8","Caja Negra/Blanca","PASSED"
"8. Pruebas de Rendimiento (Carga y Estrés)","load-extra.yml","9","Scenario 9","Caja Negra/Blanca","PASSED"
"8. Pruebas de Rendimiento (Carga y Estrés)","load-extra.yml","10","Scenario 10","Caja Negra/Blanca","PASSED"
"8. Pruebas de Rendimiento (Carga y Estrés)","load-extra.yml","11","Scenario 11","Caja Negra/Blanca","PASSED"
"8. Pruebas de Rendimiento (Carga y Estrés)","load-extra.yml","12","Scenario 12","Caja Negra/Blanca","PASSED"
"8. Pruebas de Rendimiento (Carga y Estrés)","load-extra.yml","13","Scenario 13","Caja Negra/Blanca","PASSED"
"8. Pruebas de Rendimiento (Carga y Estrés)","load-extra.yml","14","Scenario 14","Caja Negra/Blanca","PASSED"
"8. Pruebas de Rendimiento (Carga y Estrés)","load-extra.yml","15","Scenario 15","Caja Negra/Blanca","PASSED"
"8. Pruebas de Rendimiento (Carga y Estrés)","load-mixed.yml","1","Enfriamiento","Caja Negra/Blanca","PASSED"
"8. Pruebas de Rendimiento (Carga y Estrés)","load-mixed.yml","2","LOAD-14: Health check bajo saturacion","Caja Negra/Blanca","PASSED"
"8. Pruebas de Rendimiento (Carga y Estrés)","load-mixed.yml","3","LOAD-15: Flujo completo de usuario","Caja Negra/Blanca","PASSED"
"8. Pruebas de Rendimiento (Carga y Estrés)","load-notifications-ia.yml","1","LOAD-10: Polling de notificaciones (alta frecuencia)","Caja Negra/Blanca","PASSED"
"8. Pruebas de Rendimiento (Carga y Estrés)","load-notifications-ia.yml","2","LOAD-12: Marcar todas las notificaciones como leidas","Caja Negra/Blanca","PASSED"
"8. Pruebas de Rendimiento (Carga y Estrés)","load-notifications-ia.yml","3","LOAD-13: Calculo IA riesgo de abandono","Caja Negra/Blanca","PASSED"
"8. Pruebas de Rendimiento (Carga y Estrés)","load-sessions.yml","1","LOAD-04: Creacion concurrente de sesiones","Caja Negra/Blanca","PASSED"
"8. Pruebas de Rendimiento (Carga y Estrés)","load-sessions.yml","2","LOAD-05: Lectura masiva historial sesiones","Caja Negra/Blanca","PASSED"
"8. Pruebas de Rendimiento (Carga y Estrés)","load-sessions.yml","3","LOAD-06: Actualizaciones concurrentes de sesiones","Caja Negra/Blanca","PASSED"
"8. Pruebas de Rendimiento (Carga y Estrés)","load-vacancies.yml","1","LOAD-07: Listado publico de vacantes (alto trafico)","Caja Negra/Blanca","PASSED"
"8. Pruebas de Rendimiento (Carga y Estrés)","load-vacancies.yml","2","LOAD-08: Busqueda filtrada de vacantes","Caja Negra/Blanca","PASSED"
"8. Pruebas de Rendimiento (Carga y Estrés)","load-vacancies.yml","3","LOAD-09: Postulaciones concurrentes","Caja Negra/Blanca","PASSED"
"8. Pruebas de Rendimiento (Carga y Estrés)","stress-auth.yml","1","Punto de quiebre","Caja Negra/Blanca","PASSED"
"8. Pruebas de Rendimiento (Carga y Estrés)","stress-auth.yml","2","Recuperacion","Caja Negra/Blanca","PASSED"
"8. Pruebas de Rendimiento (Carga y Estrés)","stress-auth.yml","3","STRESS-01: Avalancha de registros","Caja Negra/Blanca","PASSED"
"8. Pruebas de Rendimiento (Carga y Estrés)","stress-auth.yml","4","STRESS-02: Saturacion bcrypt en login","Caja Negra/Blanca","PASSED"
"8. Pruebas de Rendimiento (Carga y Estrés)","stress-auth.yml","5","STRESS-03: Flood de consultas /me","Caja Negra/Blanca","PASSED"
"8. Pruebas de Rendimiento (Carga y Estrés)","stress-db.yml","1","Presion sobre pool","Caja Negra/Blanca","PASSED"
"8. Pruebas de Rendimiento (Carga y Estrés)","stress-db.yml","2","Agotamiento de pool","Caja Negra/Blanca","PASSED"
"8. Pruebas de Rendimiento (Carga y Estrés)","stress-db.yml","3","Recuperacion parcial","Caja Negra/Blanca","PASSED"
"8. Pruebas de Rendimiento (Carga y Estrés)","stress-db.yml","4","STRESS-04: Agotamiento pool con queries pesadas","Caja Negra/Blanca","PASSED"
"8. Pruebas de Rendimiento (Carga y Estrés)","stress-db.yml","5","STRESS-05: Escrituras masivas concurrentes","Caja Negra/Blanca","PASSED"
"8. Pruebas de Rendimiento (Carga y Estrés)","stress-db.yml","6","STRESS-06: Contention lectura/escritura mixta","Caja Negra/Blanca","PASSED"
"8. Pruebas de Rendimiento (Carga y Estrés)","stress-endurance.yml","1","Enfriamiento","Caja Negra/Blanca","PASSED"
"8. Pruebas de Rendimiento (Carga y Estrés)","stress-endurance.yml","2","STRESS-10: Soak de autenticacion (5 min)","Caja Negra/Blanca","PASSED"
"8. Pruebas de Rendimiento (Carga y Estrés)","stress-endurance.yml","3","STRESS-11: Soak de polling notificaciones (5 min)","Caja Negra/Blanca","PASSED"
"8. Pruebas de Rendimiento (Carga y Estrés)","stress-endurance.yml","4","STRESS-12: Soak de queries pesadas (5 min)","Caja Negra/Blanca","PASSED"
"8. Pruebas de Rendimiento (Carga y Estrés)","stress-extra.yml","1","Punto de quiebre","Caja Negra/Blanca","PASSED"
"8. Pruebas de Rendimiento (Carga y Estrés)","stress-extra.yml","2","Recuperacion","Caja Negra/Blanca","PASSED"
"8. Pruebas de Rendimiento (Carga y Estrés)","stress-extra.yml","3","Scenario 1","Caja Negra/Blanca","PASSED"
"8. Pruebas de Rendimiento (Carga y Estrés)","stress-extra.yml","4","Scenario 2","Caja Negra/Blanca","PASSED"
"8. Pruebas de Rendimiento (Carga y Estrés)","stress-extra.yml","5","Scenario 3","Caja Negra/Blanca","PASSED"
"8. Pruebas de Rendimiento (Carga y Estrés)","stress-extra.yml","6","Scenario 4","Caja Negra/Blanca","PASSED"
"8. Pruebas de Rendimiento (Carga y Estrés)","stress-extra.yml","7","Scenario 5","Caja Negra/Blanca","PASSED"
"8. Pruebas de Rendimiento (Carga y Estrés)","stress-extra.yml","8","Scenario 6","Caja Negra/Blanca","PASSED"
"8. Pruebas de Rendimiento (Carga y Estrés)","stress-extra.yml","9","Scenario 7","Caja Negra/Blanca","PASSED"
"8. Pruebas de Rendimiento (Carga y Estrés)","stress-extra.yml","10","Scenario 8","Caja Negra/Blanca","PASSED"
"8. Pruebas de Rendimiento (Carga y Estrés)","stress-extra.yml","11","Scenario 9","Caja Negra/Blanca","PASSED"
"8. Pruebas de Rendimiento (Carga y Estrés)","stress-extra.yml","12","Scenario 10","Caja Negra/Blanca","PASSED"
"8. Pruebas de Rendimiento (Carga y Estrés)","stress-extra.yml","13","Scenario 11","Caja Negra/Blanca","PASSED"
"8. Pruebas de Rendimiento (Carga y Estrés)","stress-extra.yml","14","Scenario 12","Caja Negra/Blanca","PASSED"
"8. Pruebas de Rendimiento (Carga y Estrés)","stress-extra.yml","15","Scenario 13","Caja Negra/Blanca","PASSED"
"8. Pruebas de Rendimiento (Carga y Estrés)","stress-extra.yml","16","Scenario 14","Caja Negra/Blanca","PASSED"
"8. Pruebas de Rendimiento (Carga y Estrés)","stress-extra.yml","17","Scenario 15","Caja Negra/Blanca","PASSED"
"8. Pruebas de Rendimiento (Carga y Estrés)","stress-limits.yml","1","Limite absoluto","Caja Negra/Blanca","PASSED"
"8. Pruebas de Rendimiento (Carga y Estrés)","stress-limits.yml","2","STRESS-13: Validacion rate limiter bajo ataque","Caja Negra/Blanca","PASSED"
"8. Pruebas de Rendimiento (Carga y Estrés)","stress-limits.yml","3","STRESS-14: Throughput maximo (health benchmark)","Caja Negra/Blanca","PASSED"
"8. Pruebas de Rendimiento (Carga y Estrés)","stress-limits.yml","4","STRESS-15: Cascada de fallos (worst case)","Caja Negra/Blanca","PASSED"
"8. Pruebas de Rendimiento (Carga y Estrés)","stress-spike.yml","1","Base normal","Caja Negra/Blanca","PASSED"
"8. Pruebas de Rendimiento (Carga y Estrés)","stress-spike.yml","2","Spike 1","Caja Negra/Blanca","PASSED"
"8. Pruebas de Rendimiento (Carga y Estrés)","stress-spike.yml","3","Recuperacion 1","Caja Negra/Blanca","PASSED"
"8. Pruebas de Rendimiento (Carga y Estrés)","stress-spike.yml","4","Spike 2 (doble)","Caja Negra/Blanca","PASSED"
"8. Pruebas de Rendimiento (Carga y Estrés)","stress-spike.yml","5","Recuperacion 2","Caja Negra/Blanca","PASSED"
"8. Pruebas de Rendimiento (Carga y Estrés)","stress-spike.yml","6","STRESS-07: Spike trafico en vacantes","Caja Negra/Blanca","PASSED"
"8. Pruebas de Rendimiento (Carga y Estrés)","stress-spike.yml","7","STRESS-08: Spike de logins simultaneos","Caja Negra/Blanca","PASSED"
"8. Pruebas de Rendimiento (Carga y Estrés)","stress-spike.yml","8","STRESS-09: Spike de operaciones mixtas","Caja Negra/Blanca","PASSED"
